title,artist
Supernova,aespa
해야 (HEYA),IVE (아이브)
SPOT! (feat. JENNIE),지코 (ZICO)
Magnetic,아일릿(ILLIT)
소나기,이클립스 (ECLIPSE)
고민중독,QWER
나는 아픈 건 딱 질색이니까,(여자)아이들
첫 만남은 계획대로 되지 않아,TWS (투어스)
SHEESH,BABYMONSTER
미안해 미워해 사랑해,Crush
밤양갱,비비(BIBI)
한 페이지가 될 수 있게,DAY6 (데이식스)
Welcome to the Show,DAY6 (데이식스)
Lucky Girl Syndrome,아일릿(ILLIT)
Run Run,이클립스 (ECLIPSE)
Accendio,IVE (아이브)
Midas Touch,KISS OF LIFE
ETA,NewJeans
Attention,NewJeans
Love wins all,아이유(IU)
Hype Boy,NewJeans
예뻤어,DAY6 (데이식스)
MAESTRO,세븐틴(SEVENTEEN)
에피소드,이무진
Ditto,NewJeans
천상연,이창섭
To. X,태연 (TAEYEON)
I AM,IVE (아이브)
Girls Never Die,tripleS (트리플에스)
200,마크 (MARK)
Super Shy,NewJeans
그랬나봐,유회승 (엔플라잉)
Impossible,RIIZE
비의 랩소디,임재현
Drama,aespa
You & I,이클립스 (ECLIPSE)
OMG,NewJeans
반딧불 (Little Light),도영 (DOYOUNG)
Star,엔플라잉(N.Flying)
Smart,LE SSERAFIM (르세라핌)
EASY,LE SSERAFIM (르세라핌)
Siren,RIIZE
그대만 있다면 (여름날 우리 X 너드커넥션 (Nerd Connection)),너드커넥션(Nerd Connection)
New Jeans,NewJeans
MANIAC,VIVIZ (비비지)
HAPPY,DAY6 (데이식스)
Get A Guitar,RIIZE
Love me or Leave me,DAY6 (데이식스)
Love 119,RIIZE
만날테니까,이클립스 (ECLIPSE)
봄눈,10CM
Spicy,aespa
멈춰줘,헤이즈(Heize)
헤어지자 말해요,박재정
홀씨,아이유(IU)
I'll Be There,이클립스 (ECLIPSE)
꿈,태연 (TAEYEON)
Steal The Show (From “엘리멘탈”),Lauv(라우브)
Perfect Night,LE SSERAFIM (르세라핌)
Discord,QWER
LOVE DIVE,IVE (아이브)
Dangerously,Charlie Puth(찰리 푸스)
Kitsch,IVE (아이브)
After LIKE,IVE (아이브)
내 입술 따뜻한 커피처럼,"조이 (JOY)조이 (JOY) "
You & Me,제니 (JENNIE)
인사,범진
Mars,도경수(D.O.)
Seven (feat. Latto) - Clean Ver.,정국
Obsessed,Ayumu Imazu
By Your Side,Crush
Love Lee,AKMU(악뮤)
너의 모든 순간,성시경
"모든 날, 모든 순간 (Every day, Every Moment)",폴킴(Paul Kim)
사건의 지평선,윤하(Younha/ユンナ)
Wife,(여자)아이들
"Yes or No (Feat. 허윤진 of LE SSERAFIM, Crush)",그루비룸 (GroovyRoom)
자꾸만 웃게 돼,부석순(SEVENTEEN)
그랬나봐,김형중
Popcorn,도경수(D.O.)
G.T.H.O.,PITTA (강형호)
Super Lady,(여자)아이들
후라이의 꿈,AKMU(악뮤)
사랑인가 봐,멜로망스(MeloMance)
DASH,NMIXX
꿈결같아서,민니 ((여자)아이들)
I Don’t Think That I Like Her,Charlie Puth(찰리 푸스)
좋아해요,폴킴(Paul Kim)
숲,최유리
Shopper,아이유(IU)
Baddie,IVE (아이브)
Wish You Hell,웬디(WENDY)
주저하는 연인들을 위해,잔나비
건물 사이에 피어난 장미 (Rose Blossom),H1-KEY (하이키)
퀸카 (Queencard),(여자)아이들
청춘찬가,세븐틴(SEVENTEEN)
혹시 세상에 혼자 남겨진 것 같다면,우디(Woody)
사랑은 늘 도망가,임영웅
Feel the POP,ZEROBASEONE (제로베이스원)
관객이 될게 (I stan U),아이유(IU)
